<?xml version="1.0" encoding="UTF-8"?>
<project-private xmlns="http://www.netbeans.org/ns/project-private/1">
    <editor-bookmarks xmlns="http://www.netbeans.org/ns/editor-bookmarks/2" lastBookmarkId="0"/>
    <open-files xmlns="http://www.netbeans.org/ns/projectui-open-files/2">
        <group>
            <file>file:/Users/rahulchauhan/NetBeansProjects/Renters/src/commoncode/Validation.java</file>
            <file>file:/Users/rahulchauhan/NetBeansProjects/Renters/src/gui/Login.java</file>
            <file>file:/Users/rahulchauhan/NetBeansProjects/Renters/src/gui/ViewRenter.java</file>
            <file>file:/Users/rahulchauhan/NetBeansProjects/Renters/src/gui/AddRenter.java</file>
            <file>file:/Users/rahulchauhan/NetBeansProjects/Renters/src/gui/Home.java</file>
            <file>file:/Users/rahulchauhan/NetBeansProjects/Renters/src/gui/Rooms.java</file>
        </group>
    </open-files>
</project-private>
